{"cameraMode":{"drawMode":0,"name":"Shaded","section":"Shading Mode"},"sceneLighting":true,"audioPlay":false,"sceneViewState":{"showFog":false,"showMaterialUpdate":false,"showSkybox":false,"showFlares":false,"showImageEffects":false,"showParticleSystems":false},"in2DMode":false,"pivot":{"x":-28.04800033569336,"y":15.380000114440918,"z":-22.732999801635743},"rotation":{"x":0.12506844103336335,"y":0.3903541564941406,"z":-0.05361679568886757,"w":0.9105544686317444},"size":19.755300521850587,"orthographic":false}